Mike Maignan;https://www.soraredata.com/player/8838875501452907642248134281069987141500710862226767745798512958857367928545
Josep Martínez;https://www.soraredata.com/player/68546597805805669957723388299846722898098458987219829743738665626342287013760
Thibaut Courtois;https://www.soraredata.com/player/43357518450117731102674236600944769819000996070572676172618551834520424289452
Marc-André ter Stegen;https://www.soraredata.com/player/6231324833367446195170059107736818058466058231252207968963369466026810833248
Kelle Roos;https://www.soraredata.com/player/44566882792701754029438058147314818214087818166673088755513831417088592348396
Jean Butez;https://www.soraredata.com/player/43837914404372510855174947028378659507275781039237824942849345918467197719608
Simone Scuffet;https://www.soraredata.com/player/8766311171758844907747012991418544372819457214493999875595920366933708369660
Nico Ratti;https://www.soraredata.com/player/91181638591780657183516471793914470746323745774857194817271655931926212083336
Benjamin Lecomte;https://www.soraredata.com/player/41442081440893589238631678351943583162535246196887504762973416603551324077430
Moisés Ramírez;https://www.soraredata.com/player/wellington-moises-ramirez-preciado
Jason Steele;https://www.soraredata.com/player/96340104955695627375868948991630773814654823518471795773237004814117739338746
Cárdenas;https://www.soraredata.com/player/5484227087693419421590104290891726948511213315928431493058734216956224136
Augusto Batalla;https://www.soraredata.com/player/16237130237851009398436104472235710028305001417686141947636014045745218844021
Joe Willis;https://www.soraredata.com/player/49638421694818287689230369398507025315539765645309594686570800092237295319957
José Carvallo;https://www.soraredata.com/player/26579397086354212144177982252076518874170850377263418304965567606473176780711
Rodolfo Cota;https://www.soraredata.com/player/rodolfo-cota-robles
Agustín Rossi;https://www.soraredata.com/player/113828389621970041806790931036240225534355381281995080581430548247991477459909
Walter;https://www.soraredata.com/player/42118491816925691881652465410614204856981767839345290505483711091674586586306
Yehvann Diouf;https://www.soraredata.com/player/74799171617884117286642808584378103770391058197945705216897449709281860643552
Langerak;https://www.soraredata.com/player/18351323593809664640199167323608339055701654333165168181897293646631108293675
Marcel Schuhen;https://www.soraredata.com/player/93482793069490244992940732840201121898602395832671842084184038626857372279994
Nick Olij;https://www.soraredata.com/player/103182893786856394408065501078570330010516945010647701456408204417441826066657
Nediljko Labrović;https://www.soraredata.com/player/2284037874160634392744138822392113939485098897363202948120043457322954822074
Bart Verbruggen;https://www.soraredata.com/player/60462059046105006413320634076887912419761578000318901651966145684627029594584
David Soria;https://www.soraredata.com/player/105442481773837130827961220575011835934088107122292710887543930890758856415731
Diogo Costa;https://www.soraredata.com/player/53115316122849845865040272309499954607598125168738022767289957113955373834981
Kamil Grabara;https://www.soraredata.com/player/kamil-grabara
Raúl Fernández;https://www.soraredata.com/player/23696039458111325583533337492071475528977038643789044504693378852766866896589
Philipp Köhn;https://www.soraredata.com/player/24591199258463457852470747949989697620630562371905173276662656838162974312934
Ivan Provedel;https://www.soraredata.com/player/91431124766178964489776297848306522580455061044063461191913975730175962290283
Đorđe Petrović;https://www.soraredata.com/player/102504732875776361697269391325989382234648168438144722083320472719544040448006
Ionuț Radu;https://www.soraredata.com/player/114171482680227735224050814339214031736540246294619895052951699854932242937025
Arijanet Murić;https://www.soraredata.com/player/11882147785592714516160231342319990876232107554423856895193352204917022107705
Naoto Kamifukumoto;https://www.soraredata.com/player/35532336029742246611406214854864778507340520402883119020257843499423949903497
Nikola Čavlina;https://www.soraredata.com/player/88831776086072404821094553197620234182101702962747575405299550603868762205969
Adán;https://www.soraredata.com/player/92106342519233323162397986830028491487460571179081848330945835057437118812929
Ben Wilson;https://www.soraredata.com/player/74804408474135319055664086906521830632063155380997895077610434916999941985097
Jan Oblak;https://www.soraredata.com/player/98531608629792705716092635323338459497405410522620303586720208824756747734922
Pichu Cuéllar;https://www.soraredata.com/player/18393237412795453572987818864923321080198374193718786451749392462274168131320
Hervé Koffi;https://www.soraredata.com/player/55928753313166698956077987030437165774079874396009462638937416194337202740802
Mark Flekken;https://www.soraredata.com/player/67567898209740578750688135955327850471811896498444646263471197372713802015039
Lovro Majkić;https://www.soraredata.com/player/44445321640476367291886955409384634718170357522334902367331736962086238206414
Emiliano Martínez;https://www.soraredata.com/player/64493878226369313952925394221569534949119744259593700693601341247087264537507
Álex Remiro;https://www.soraredata.com/player/70529047023476725395888908497175217989890442440365079411063509775839053059003
Ertaç Özbir;https://www.soraredata.com/player/83732543357169715829496153369736097558033843041925571908801031967821013768862
Esteban Andrada;https://www.soraredata.com/player/72055947994749941972570482630000183031660193316321622522921754366278705675191
Sivera;https://www.soraredata.com/player/84764309648809145435214375365831051160155188974224240396629645435780488262863
Emil Audero;https://www.soraredata.com/player/39167847500385503067348959849929307955995825908336395600963972403172943177059
Dominik Livaković;https://www.soraredata.com/player/107350891892960040235685423453604618310876115368664112107183347513362972725478
Michele Di Gregorio;https://www.soraredata.com/player/56582876092272921626929230025186481039139547141640283790410470230939984890919
Gregor Kobel;https://www.soraredata.com/player/11967324723085848991799821192317663960760684768181119820982948765959870937463
John McCarthy;https://www.soraredata.com/player/57499896532667416637018939079545308133783957936648011846216224820187611460290
Yohei Takaoka;https://www.soraredata.com/player/98103698254930656838523043721178246294117676589591829882608303153041136362786
Ilya Lantratov;https://www.soraredata.com/player/104241526937470405337307917688054480259825802834696812624242010295198217098439
Kevin Müller;https://www.soraredata.com/player/25738975534260818736005577179431706647765340647964683152722016795509294797508
Ivan Banić;https://www.soraredata.com/player/5613681882388675829098745681496044632102379620315668268625313851868120631780
Daiya Maekawa;https://www.soraredata.com/player/45231952605574171492467531088787761155866672703985833160234395493129471591307
Egor Baburin;https://www.soraredata.com/player/62809416216789813519251378909350963864200697800105461143861299049150352076487
Nikola Vasilj;https://www.soraredata.com/player/65382342795250033560833608207046662006404834414390918124521135581307966853074
Lucas Hoyos;https://www.soraredata.com/player/41558391793188710511144434906428615894580537117889050735405491218359130176190
Łukasz Skorupski;https://www.soraredata.com/player/55587099407042015164261578349075527001053562627081316611067965974795517431919
Gökhan Akkan;https://www.soraredata.com/player/24063766384918430900756104472569081242945847802974976412612146003684829430684
Steve Clark;https://www.soraredata.com/player/25661165330029936882409649877862954695821299545946136509645786585121662701332
Luis Malagón;https://www.soraredata.com/player/34956634297924621844354470320987404579226577411004685662072108229884678124456
Alessandro Micai;https://www.soraredata.com/player/65114331784830422725213632265433907999362016779339349303333268978292222179265
Lukáš Hradecky;https://www.soraredata.com/player/83976201749957523230476836805160617218993601361330940814697675362365302168215
Marco Bizot;https://www.soraredata.com/player/114165693624075251099335242860337728158060888431073460284032803463973267238024
Tyler Miller;https://www.soraredata.com/player/30845724570481086564862504089859830558519414517916322096829571987964829544198
Keisuke Osako;https://www.soraredata.com/player/14515368697072956956384367410204133788204269813804541304241709663456736846500
Mads Hermansen;https://www.soraredata.com/player/mads-hermansen
Sebastián Pérez;https://www.soraredata.com/player/4591774348602283231521066374784800192869128352363935669536807827203488751552
Brice Samba;https://www.soraredata.com/player/brice-samba
Ramiro Macagno;https://www.soraredata.com/player/28610032654608006814596541447330936900943394164212166857977624475801339150801
Alex Meret;https://www.soraredata.com/player/61750505228530739222624000594072215578463825022151281765436418675304583191121
Fernando Miguel;https://www.soraredata.com/player/81953498933043484122803942884643580868943584205957807447228426341180413761466
Sergio Rochet;https://www.soraredata.com/player/sergio-rochet-alvarez
Bechir Ben Saïd;https://www.soraredata.com/player/bechir-ben-said
John Pulskamp;https://www.soraredata.com/player/10642356169541776276960432333053758657814850395470428947893462926941894936073
Wojciech Szczęsny;https://www.soraredata.com/player/17753322844365812328937707926905762669229828674762378194722432030944348668594
Rodrigo Rey;https://www.soraredata.com/player/88487164624875146767408361928871673783468522435659532736316870877607193781681
Franco Armani;https://www.soraredata.com/player/95075237360439481817955236127899129260081345582685563414616086965180733360645
Odysseas;https://www.soraredata.com/player/100419445514996610150124287892301689531697964545284217313515074253744549288728
Johny Placide;https://www.soraredata.com/player/30028476225289973350010407117867705327217864279179637364973201881712935725223
Ralf Fährmann;https://www.soraredata.com/player/54011966438785956832505147790163923888367484872784779800622748251023461237084
José Caro;https://www.soraredata.com/player/36958477616617849642367248963395189633242811715989817340446847331976797752358
Alexander Schlager;https://www.soraredata.com/player/12074355190813718087148651830161950996792002442502066692426850932946430490394
Jo Hyeon-Woo;https://www.soraredata.com/player/108621051994209203720096068050978931438722546758643416466023021133804644725012
Konstantinos Lamprou;https://www.soraredata.com/player/86150081386590347450915075331979055717973520940742506099488344610245514468406
Stefan Frei;https://www.soraredata.com/player/78538968172482469899379979577528674930110059782613260995122355393141088347802
Etienne Vaessen;https://www.soraredata.com/player/1709625134463769622059700939301931449665663149738623658333566392642793962277
AITOR FDEZ.;https://www.soraredata.com/player/81255124203164020139086277654142673775337884184628751773490507871464230968136
Rubén Yáñez;https://www.soraredata.com/player/24995368048686099585706926454582960984092726411516143547984090778559011478480
Jonas Lössl;https://www.soraredata.com/player/1899710930800273874246688454401831372350876946269310953292713470642470866119
Amir Abedzadeh;https://www.soraredata.com/player/98819784864559380800415057186677538879806479341238311892131699743401578732651
André Onana;https://www.soraredata.com/player/30288193883708656346837143579160224159713157308051116555817023611258158976190
Pau López;https://www.soraredata.com/player/16482967013360376251135176817322139451356093793062331668462601279194709629035
Sergio Padt;https://www.soraredata.com/player/24044783712637778834751099056476896379618513653977305245175437366277617425772
Kosuke Nakamura;https://www.soraredata.com/player/91667903271315472732193094895288220135598563137055771519567834935490007265892
Hendrik Bonmann;https://www.soraredata.com/player/107034781232219249454465472887770603678547412297656510765533269561132049296681
Kim Kyeong-Min;https://www.soraredata.com/player/1395416643219594582839326740441323797635738744739635386535558933913948870671
Jun Ichimori;https://www.soraredata.com/player/66604118928798027535466229319351130997757358185648162705885000632753145346097
Paul Nardi;https://www.soraredata.com/player/60318590963735731578166903751068532651249865977400789756990816621745070745890
Hernán Galíndez;https://www.soraredata.com/player/hernan-ismael-galindez
Günay Güvenç;https://www.soraredata.com/player/114144184498862141733028434371819360545611561469390811405126096927016498025723
Lars Unnerstall;https://www.soraredata.com/player/67372446976623259739700272366440242084300879732188430153747968135826855467262
William Yarbrough;https://www.soraredata.com/player/110113791343548486305302758887081369048621699353362813396994113837699950861339
Jonas Omlin;https://www.soraredata.com/player/79961337402401510861221508371981143728682220973135134182537378261212219864865
Joe Hart;https://www.soraredata.com/player/921917459471371783964637905546000722943810632941551096100739332831925807708
Valentin Cojocaru;https://www.soraredata.com/player/43397766955924321725212080040886112162739046701115362222776843058292390562893
Mory Diaw;https://www.soraredata.com/player/11920827519712673222018567567991982225458770403184256202917880749659992270315
Lucas Chaves;https://www.soraredata.com/player/62748205402493934500130320399397920664773405784879975202644677621240995556348
Ivan Lučić;https://www.soraredata.com/player/30851254716310944069004094720673958399164283788287829145462657855833868422037
Gautier Larsonneur;https://www.soraredata.com/player/57837897617264132298412292862975872930845213891240725821117525471566023477002
Dayne St. Clair;https://www.soraredata.com/player/107464048984564014898719167465141074084165050238632060452114267215802195716911
David Ospina;https://www.soraredata.com/player/24033809909061722072077719557464614309454735931822886461577082266105753101995
Fraser Forster;https://www.soraredata.com/player/66530399208790621561356166168907242423341206856775938378184789212259111754660
Jannik Huth;https://www.soraredata.com/player/24923719898531316438678665257827406615370948948154471451253428022931760038901
Tomáš Vaclík;https://www.soraredata.com/player/tomas-vaclik
Federico Lanzillotta;https://www.soraredata.com/player/53428165329235742885829576994175825261331872470739154096109103202286574283122
Gerónimo Rulli;https://www.soraredata.com/player/40510221715778646228814602708066401795653272631079139540554010181601005810079
Juan Soriano;https://www.soraredata.com/player/28312910108220979354574893669112951866636844681011474821804875556537417723638
Jeremías Ledesma;https://www.soraredata.com/player/22636567187732784269412013162572662251724546577813763114123428988196130291782
Luca Zidane;https://www.soraredata.com/player/10034407510966266487267861135038977574273940156377717835735434640383970004852
Angus Gunn;https://www.soraredata.com/player/74335348174756941875758321646620036034526649062722507793057236999182962069677
Jacob Rinne;https://www.soraredata.com/player/26940523087180194162173747068200550825014138311160689577336697404501348636251
Matheus Cavichioli;https://www.soraredata.com/player/37429696709830863994451609029290696666007492391925780579536611032730921024127
Gaëtan Poussin;https://www.soraredata.com/player/99882747219571496824962633303018633311197221602953331679050991368199919761478
Bernd Leno;https://www.soraredata.com/player/18838075783673989824609690563250221653218868134736801959730863696779434625828
Steve Mandanda;https://www.soraredata.com/player/46980717281332134256077403144382108547071955251859946859535555644743842650334
Max Walef;https://www.soraredata.com/player/97923687100072409364142910127393683515962487891139239896996700744608246471688
Andreas Luthe;https://www.soraredata.com/player/44027742876817242875791415014017405941632601371116813751678573948714066524686
Frederik Rønnow;https://www.soraredata.com/player/3643844390212034753313545827549398429761769352211335771000179496671416666894
Oliver Zelenika;https://www.soraredata.com/player/91580103358457140891283470546518990603672037846488593783442542966123329111681
Florian Kastenmeier;https://www.soraredata.com/player/81386112725541432228590606857514801973456841849059965789530966199539011134113
Janis Blaswich;https://www.soraredata.com/player/569559260475876604938501140919652043034340726761683562684092511874768329782
Alfred Gomis;https://www.soraredata.com/player/114435131632751313060011257497365945905380644120677151582276790844139032522191
Rui Patrício;https://www.soraredata.com/player/6154515122023328431409487490495688681415002914506568203761009949805493776150
Patrick Schulte;https://www.soraredata.com/player/77499692502725616206168007198514136253256661522659816101992587066195840698184
Andreas Hansen;https://www.soraredata.com/player/93109465012998835426401369095434890734557726733047711216789966006531360232639
Ahmed Tagnaouti;https://www.soraredata.com/player/93310128232788221268736472106734649582571365554461076736329334466693637937607
Mikhail Kerzhakov;https://www.soraredata.com/player/92216772617906478627455956733734655189610078110524628092794776129076712453197
Karl Darlow;https://www.soraredata.com/player/14228221468782261416684831434741618704957496956492870328831648148866366091259
Asier Riesgo;https://www.soraredata.com/player/34913538313823721775443819708217995261187026962898187593896498047645678506249
Simon Mignolet;https://www.soraredata.com/player/110567414679618190111271056802855521288560406824720655851806615839268993862302
Dominik Kotarski;https://www.soraredata.com/player/2472708817743771893821742319350404869444019338710576516388141130024866853917
Aarón Escandell;https://www.soraredata.com/player/91937157611399800434254601764795465342037432661456920192618757298829617729690
Cássio;https://www.soraredata.com/player/43427724394217281047292539664227502811575356299780182481841019962899636010117
Marko Dmitrović;https://www.soraredata.com/player/79556716333048466081580198018515236890382654876797213806187376847907808616354
Koen Casteels;https://www.soraredata.com/player/69709588463637933439742279337766114173773020665404937662701557797195779826780
Fernando Muslera;https://www.soraredata.com/player/79593290582655789248451843519986392419461605665289240002430549535954598666161
Gil Alcalá;https://www.soraredata.com/player/71945298292460077923186044065955044872725879707350042588982875245272186723347
Everson;https://www.soraredata.com/player/109468131681698454628665443217540532917366993465204431658449103106327904760967
Pedro Gallese;https://www.soraredata.com/player/47296696077561669172019691186329219750583243971444002300187905073261194248794
Il-Gyu PARK;https://www.soraredata.com/player/44472119616996699405349016607714089204667883989386763830365216272027590514051
Mert Günok;https://www.soraredata.com/player/107081994620021830806770490991479353934568151356835185788358454685737281198056
Fuzato;https://www.soraredata.com/player/46268852927079263850403918486068714829460432403983164944147698789433080041696
Uğurcan Çakır;https://www.soraredata.com/player/67058050972055510058281134689799792827618777743749320131271953272239314987993
Arthur Okonkwo;https://www.soraredata.com/player/54551642808253133591592421093726920193646310018093449685639198843154382706877
Matvei Igonen;https://www.soraredata.com/player/matvei-igonen
Álvaro Vallés;https://www.soraredata.com/player/104742457209358997073053799986588702404615981165542572574187264724228577995595
Anthony Lopes;https://www.soraredata.com/player/55897792701551560817007182661320804465384092259038899304822624277117446858315
Walter Benítez;https://www.soraredata.com/player/90408622358911979048913968295340666339165139928111339828674949852743478230751
Mathew Ryan;https://www.soraredata.com/player/93706659671953775424180540314316711213859315202602141229978351172937128781017
David de Gea;https://www.soraredata.com/player/44983962272533615759365988533222371559034023004399560093916090702093440720381
Vanja;https://www.soraredata.com/player/85337955049331664240989796253370024524697109676035652745556941147025933190271
Jonathan Klinsmann;https://www.soraredata.com/player/57981678520644869189102935132460286696368084034928088957016740474295633287013
Maarten Paes;https://www.soraredata.com/player/90678337162024021439429355139563614645998904476991101893887705853903725784289
Dominik Reimann;https://www.soraredata.com/player/36168486732175713286036991011490635607842829751584085888919038740147354268932
Ethan Horvath;https://www.soraredata.com/player/22093015347488117359121254984742643461916637575020166407903482898878801218894
Shun Takagi;https://www.soraredata.com/player/17741718271285761058800055821455911201525931349770472194115409255391566306715
Alexander Domínguez;https://www.soraredata.com/player/alexander-dominguez-carabali
Ederson;https://www.soraredata.com/player/66647595443937813129688150450685716570783552414346403994299221523832513715583
Jordi Masip;https://www.soraredata.com/player/58616047737063307451729230231759764507529820156512004865838303874096637481957
Kenan Pirić;https://www.soraredata.com/player/kenan-piric
Matías Dituro;https://www.soraredata.com/player/111390500722618134901359680744189572198387910131489263727725888467296919706914
Robin Zentner;https://www.soraredata.com/player/56795695665616364355817744216936073512430432785164456295691885677134888915715
Andrés Fernández;https://www.soraredata.com/player/79650159779195539331243404263094706214451300221348985641614724707565991264534
Eloy Room;https://www.soraredata.com/player/96569297682472144415364277219599747710894083580213746595513796928877277399308
Shusaku Nishikawa;https://www.soraredata.com/player/18716207637397035177257094250093034010292558653501164585962342898046559676640
Andreas Linde;https://www.soraredata.com/player/113999651464474097508291379362479996462579395246641594246204427530940231752287
Kepa Arrizabalaga;https://www.soraredata.com/player/10062782859649856560733088674082830603890304128391460603987640953034270120088
Cristian Álvarez;https://www.soraredata.com/player/14388240500944903151904055830774965513628677963186235567786810362837741172389
Koen Bucker;https://www.soraredata.com/player/41663507584577509985946828164389979420204022533161793665693505401977561808864
Óscar Whalley;https://www.soraredata.com/player/37789869515230103314082806860209513533096418687483388994834520233651960918144
SONG BUMKEUN;https://www.soraredata.com/player/19196982434752710561057208778849241310242388757615075140526059272515957409166
Alisson Becker;https://www.soraredata.com/player/110974255901007719051357477816648571675211228175222630749168044738290076272704
Jasper Cillessen;https://www.soraredata.com/player/75391275206231520020188531121188174137844101878198127767382225257422111334736
Patrick Zubczuk;https://www.soraredata.com/player/89939515237941396750295200868143403050863715117992872792272573604642095389748
Nahuel Guzmán;https://www.soraredata.com/player/46135895421415280212070524724014046005458937084010213125577741685336339287678
Vincent Demarconnay;https://www.soraredata.com/player/99462934470066550200363212847886484497334461975063616143253478622943253126407
Markus Kolke;https://www.soraredata.com/player/48770093151561734601138552616754056277501313853915762946303790994474226389907
Maarten Vandevoordt;https://www.soraredata.com/player/65142120630487071552854876183004061521209743693812762517401621640434063469013
Lucas Chevalier;https://www.soraredata.com/player/31188893471280162702986727901685109625608943248957717054540314490657033867784
Vicente Guaita;https://www.soraredata.com/player/34519074730371633974568254051055195234282192630895870889962596096267860227343
Jiří Pavlenka;https://www.soraredata.com/player/51689839022795372917900572547032515963028517695005499565423252946951659336340
Camilo Vargas;https://www.soraredata.com/player/89341278661168016600167155988195910650902892177658582380946449133136925252434
Hugo González;https://www.soraredata.com/player/109230677763511669288722345917790050133552784963818075105628738849610051441550
Anthony Racioppi;https://www.soraredata.com/player/7834773059726453048977265924335351822162212645833925676527217495134461494346
Juan Musso;https://www.soraredata.com/player/25063923761120888423821093852441680033137655199920360854154420475909440261599
Brice Maubleu;https://www.soraredata.com/player/19632746189444471315313446079960978284031769540878244571606619445620811810137
Weverton;https://www.soraredata.com/player/weverton-pereira-da-silva
Julen Agirrezabala;https://www.soraredata.com/player/105040952890249297244974052508353885897248718629192261502613686310094695690207
Daniel Heuer Fernandes;https://www.soraredata.com/player/20740442047630125350052978147591851244910268886000853320638635607267090377219
David Jensen;https://www.soraredata.com/player/101167409649830118321059611846058507033835872297882052675325716842238295250287
Danny Ward;https://www.soraredata.com/player/111045698526094528770070507288311049056734830299414171042462247933161371260113
Jorge Broun;https://www.soraredata.com/player/94425112582743621546649272100902270950782928776535175779404278990382083510525
Yann Sommer;https://www.soraredata.com/player/26710804876103975902482297760745607437871898278307766025111687344502548186298
Lorenzo Montipò;https://www.soraredata.com/player/50479151344057610978796723728774783996636296335046796519462259058214638287176
Sergey Pesjakov;https://www.soraredata.com/player/50999355774081823151299630553513229189988648643153970663836855335565169711297
No Dong-Geon;https://www.soraredata.com/player/27528019409701052603919267236642832332534160453368724004977351386341610205008
Neto;https://www.soraredata.com/player/61714566284953196506208207444826253576802033610701721676088905158911510482609
Sinan Bolat;https://www.soraredata.com/player/52412893944296184566585740745140872940687210882852120260353064907880903402102
Ivan Čović;https://www.soraredata.com/player/28653737570127650020560845975594964273280131204631825098548387135387776767154
Masato Sasaki;https://www.soraredata.com/player/15403966021673747806889522982237329116602756366666461917355505509835968205204
Aleksandr Selikhov;https://www.soraredata.com/player/50459679601443501826118785550344092353046166982739131312829899027439083940076
Kim Jin Hyeon;https://www.soraredata.com/player/18055695366909523405154691562167954404757585594366007014415126370134150691156
Vito Mannone;https://www.soraredata.com/player/95816004538646110983888589543590250786439109959709675509262175658104083253135
Igor Akinfeev;https://www.soraredata.com/player/101697519456688500730966885070802769565779150186326110540534618374517720643782
Kim Dong-Jun;https://www.soraredata.com/player/58888555122879614069459882733460894505482518685174550963847240337817575978037
Munir Mohamedi;https://www.soraredata.com/player/9593471577387688308419368201560978176384746685686079487788505990217522495790
Pacheco;https://www.soraredata.com/player/29301348132354218386476497174231278066977835432352170109275714645119105189666
Ross Laidlaw;https://www.soraredata.com/player/98565512576061515073351205612305516581186403601487909368288011711447097351658
BRAAT;https://www.soraredata.com/player/25308066922341627701590471237943042745928701551599385691086577910091323165762
Ibrahim Šehić;https://www.soraredata.com/player/72808417989282911794013276823512729174469237481180174383000100773350295704188
Andreas Leitner;https://www.soraredata.com/player/77652319583418568142951789872088591247380831244506740804027844612310609152909
José Sá;https://www.soraredata.com/player/108255490144971605648704848418611858743549688759531123613937532849155596564002
Altay Bayındır;https://www.soraredata.com/player/101849511764712180323223758586509540180564146660352876461809079225089985578606
Brad Stuver;https://www.soraredata.com/player/3474053906899284386231723113700011431630753964470483436159061128021326630383
Domenik Schierl;https://www.soraredata.com/player/50542450954981259464613211254995601126994576693736091377736744648553487447621
Jonathan Bond;https://www.soraredata.com/player/96476470528272685707952360440494345548740153660944358449482635505724583070351
Marwin Hitz;https://www.soraredata.com/player/73895370036893457745328190972494028820487089311295274120170772534757733626811
Maxence Prévot;https://www.soraredata.com/player/17114763147712128602311703420067121586137367950706106814894187729042955350076
Carlos Lampe;https://www.soraredata.com/player/15012006714695684851836923669410088225365944618600925001906612216785236331456
Anatolii Trubin;https://www.soraredata.com/player/110097372184775271785421610458911127465132388628503975082077478374921884308113
Gianluigi Donnarumma;https://www.soraredata.com/player/80266059084411907204229923572195942108075801827681813288995654466055679337621
Lionel Mpasi;https://www.soraredata.com/player/85713768836428214110348735963865111805922614653300694423186698051118760212202
Marko Malenica;https://www.soraredata.com/player/113577745265193082361372606512169723869807960061022151303333870125853668945431
Luis Barraza;https://www.soraredata.com/player/18101423194640054248557293497391366493064993270870644992673227125053082295426
Marco Silvestri;https://www.soraredata.com/player/49795518089472739758917784131600777995005447701882681918026256612296509830950
Gianluigi Buffon;https://www.soraredata.com/player/16298634405959423078363753580740158227404659596563776140955946204330865498425
Marco Carnesecchi;https://www.soraredata.com/player/55011469602640058655239439653670734862612754283890030338083947068566521706224
George Long;https://www.soraredata.com/player/36028262122555859279652552246886477575486968697734435263785133828247564551450
Alexander Kofler;https://www.soraredata.com/player/47603952570058632374872778633386717900760896121742653592639615063574725789059
Takumi Nagaishi;https://www.soraredata.com/player/95344748222172700977185852792954384692289465699766357642902719203972203176658
Brad Guzan;https://www.soraredata.com/player/106769631927002488695331897651400154852783107047671866256113917355307433000336
Tomoki Hayakawa;https://www.soraredata.com/player/85763207812989907439749143019687008074310875492030849497042762910832077889344
Guglielmo Vicario;https://www.soraredata.com/player/105665745191546053208971392129990390049877580285746049036911456043403713058963
Kim Jeong-Hoon;https://www.soraredata.com/player/92833040434632973935144742391333483254958441567659519649625429598413323925145
Roman Celentano;https://www.soraredata.com/player/67950009519779984756295876994685312155659933487251899259409122031907877898853
Elhan Kastrati;https://www.soraredata.com/player/elhan-kastrati
Radosław Majecki;https://www.soraredata.com/player/66312255871705536149967221923088419820362855835822765824163215738703228880030
Samuele Perisan;https://www.soraredata.com/player/83125982895845324402580091017618047147317815142726021467608162388358655732533
Roman Bürki;https://www.soraredata.com/player/22960708691733177532550965022865417047318425556341087414019183960727708340483
Aaron Ramsdale;https://www.soraredata.com/player/67873486655852028293249268090222360407054868371734232219729819461429702231383
Lee Chang-Geun;https://www.soraredata.com/player/15656668473459942436711546987230100148040955046241737391052985899939093421276
João Ricardo;https://www.soraredata.com/player/5684542804947123430821683903211003725831618747325948706668677170352624991939
Mickey van der Hart;https://www.soraredata.com/player/27331861361525066615625661636615099871374488884728679249061126430459155405169
Rui Silva;https://www.soraredata.com/player/2818587163094881873947947462366852238074036395824821641157577504063333164544
Drake Callender;https://www.soraredata.com/player/39808481963386261037826920075509476499701191179727214530848016911605449447692
Aleksandr Belenov;https://www.soraredata.com/player/24875562901101915818842289530746219564037031401392216372857112149947836877270
Guillermo Ochoa;https://www.soraredata.com/player/98494124863789023269273034235428094301850667746350114098876057394337684335279
Stijn van Gassel;https://www.soraredata.com/player/65592760823235106883408868747444036200858853249276477096094732136571573310033
João Carlos;https://www.soraredata.com/player/8067047950897878535047432563774171884829041190131357762186741478669209629117
Gaëtan Coucke;https://www.soraredata.com/player/77481360156380659543473994071054025694929502020592007732845172508547782511947
Paulo Gazzaniga;https://www.soraredata.com/player/14529318285251361840203903359588127477531291023641082283044815533421420337471
Timon Wellenreuther;https://www.soraredata.com/player/38585893359256983602812559676381750408999953170383697720720176886745887505948
Zac MacMath;https://www.soraredata.com/player/65466936803864152133215761540674793003500104416033895718987354889291356067384
Antonio Rodríguez;https://www.soraredata.com/player/83964055538935060545660379406935830810342379171081891988864119469136842878344
Alban Lafont;https://www.soraredata.com/player/56565576183026422769257376020154792660070885706989206657133195481359430147176
Vasilis Barkas;https://www.soraredata.com/player/22759909597058065605722254167979020083126817464256578956015970774893812387845
George Marks;https://www.soraredata.com/player/57942267123653653615850289396506442181366637320822601975130815476781195002671
Daniel Schmidt;https://www.soraredata.com/player/81413634995755600498782664753428438780707030311456698558745623827068191413405
Jonathan Sirois;https://www.soraredata.com/player/28402859127892556246819279626417431226208603245258999421750638450635735836101
David Raya;https://www.soraredata.com/player/34949111773021811520069662834650621034932837126880768351218801625387924463555
Daniel Bachmann;https://www.soraredata.com/player/72655315611427013757356603241257037421570382081641132611780460794112055421187
Marvin Schwäbe;https://www.soraredata.com/player/54701107908265886241588377089745973079783021569384813048073032860013680793115
JT Marcinkowski;https://www.soraredata.com/player/5987277585553087964281185010009997107689333566821038863945397066948155050005
Leonardo Burián;https://www.soraredata.com/player/30057599900334067341194362121151649644951036399965695154999910545642442211008
Tino Casali;https://www.soraredata.com/player/11183443021123089455429615260848866058795104577883171948038181539590879803196
Iván Villar;https://www.soraredata.com/player/101276525077779706328189650286399574838083568126254488960191732946597318296894
Sean Johnson;https://www.soraredata.com/player/106208621734314303017757957981332295630100774694737102470438236523868772715154
Yu Sang-Hun;https://www.soraredata.com/player/78345686973400531092692380788653948500566883942876663381842780322587568300567
Nick Pope;https://www.soraredata.com/player/100789406878978649923525933401742345166117376332189266070896114349570019274147
Helton Leite;https://www.soraredata.com/player/90659695523844402848598254616881462148337459811890475783068888018867223550104
Kasper Schmeichel;https://www.soraredata.com/player/kasper-schmeichel
Ferdinand Oswald;https://www.soraredata.com/player/100074795331725306778359057908502261897222462578048328819173742882042730587355
Łukasz Fabiański;https://www.soraredata.com/player/51592084157893707970477119129525014321243845916971736787545592200248998723535
Wladimiro Falcone;https://www.soraredata.com/player/15531727619071923323788356783844147079470441212564472757586607729751377819437
Edgar Badia;https://www.soraredata.com/player/2408007807909900753120659080680574752082213826925455073229131085043178372817
Arnaud Bodart;https://www.soraredata.com/player/79123232961275740043641542435331962878237788219959123549946533593316448483626
Kang Hyeon-Mu;https://www.soraredata.com/player/33735282846391130666179007027289323570490077870156809975668246368629699575389
Raphael Sallinger;https://www.soraredata.com/player/29757657137916673931421713900105645535406344420967999493527170187425368069766
Saad Al Sheeb;https://www.soraredata.com/player/71607683578946567921987434925002690914591954103033335038563811092258969790256
Marafona;https://www.soraredata.com/player/7915764062950893634259679386821159869150575752132811731601074922858451112831
Andre Blake;https://www.soraredata.com/player/40785036900503463871320154101717347889360124241055781877558246041843349154717
Bartłomiej Drągowski;https://www.soraredata.com/player/87631894697754562649225266210653244455421047895025272446855166445357963537676
Enzo Basilio;https://www.soraredata.com/player/74151411890035246184279848235690912110010118315659957504269122214394748868704
Pietro Terracciano;https://www.soraredata.com/player/17640082877782602952253510147188518812311236820112559257108849106459062151088
Rafał Gikiewicz;https://www.soraredata.com/player/7159048933738451918038065297876516410480500156056092097681806065908382531485
Salah Zakaria;https://www.soraredata.com/player/salah-zakaria-hassan-moussa
Kjell Scherpen;https://www.soraredata.com/player/66836845057774116495024059676810755604822810160930944762647366278866571305130
Miguel Vargas;https://www.soraredata.com/player/13501285091663670172542600011550775820783634983298879648839706939941959108138
Jeffrey de Lange;https://www.soraredata.com/player/38981390840243130816876234888304204503729514003552157886226632695475283693627
Lovre Rogić;https://www.soraredata.com/player/79935692714300292500140839250713704350379707049164453511134864260677180050181
Shuichi Gonda;https://www.soraredata.com/player/111895018605845539139261721331392363461535180822384497552188814003331001968029
Kim Seung Gyu;https://www.soraredata.com/player/104701003510276305003249416320658682766725769500306602066965128810634133586653
Jailson;https://www.soraredata.com/player/83712664843669632971959943201409039707812086900914972364406661996917378236882
Pepe Reina;https://www.soraredata.com/player/92130248960313744449821202449568821390240095253863951145475407597991172173758
Matz Sels;https://www.soraredata.com/player/87828729162978751153145531765887139449098185030090214810158127072480809115387
Théo Defourny;https://www.soraredata.com/player/46684281398946348993150416137115274829187323292101652187689197794029755944245
Manuel Riemann;https://www.soraredata.com/player/51555115888469758570028257304907012472344648067571018667206246532300125395701
Tomás Durso;https://www.soraredata.com/player/91821055713860120525084459638129964835727552183001155306129166716289894993655
Anton Shunin;https://www.soraredata.com/player/44629984842228025460068983295365297254136790783343601099334975601665186386531
Anthony Moris;https://www.soraredata.com/player/86276787324526884846129320619385097283823842552168330305569255850219942727152
José Gonzalez;https://www.soraredata.com/player/40935261651561580240412566701248043655939474815266212150860675508354515453600
Alfonso Herrero;https://www.soraredata.com/player/115738141162639675626333863634553126319274144983403788632360704698614875540326
Chris Brady;https://www.soraredata.com/player/86999521144953517348029419799218559128207743253871077756965178609313690427650
Miquel Parera;https://www.soraredata.com/player/61088520989463392181674845891226949244139239081577491716238860330279922476322
Orkun Özdemir;https://www.soraredata.com/player/110180645727342841362328991302765668139313560285261233354974280343541777526694
Alfredo Talavera;https://www.soraredata.com/player/73833075082410668496920713557508601595846238483296962940262590154242256999037
Andrea Consigli;https://www.soraredata.com/player/62472272051040768157872807017182747242839124793883614305874837392809208999338
Ivor Pandur;https://www.soraredata.com/player/99764896286702935852600845067963803128158773556191002862137303258651578454010
Samuel Walker;https://www.soraredata.com/player/18219999236450018826243216510485163838796765528747387516411496642821706201705
Rocco Ríos Novo;https://www.soraredata.com/player/25183748114721045896989755010685107402915656465502448844735291511939307253659
Filip Stanković;https://www.soraredata.com/player/29005765580731734204313041360485543436780721853576662000868745098042289954997
Aljaž Ivačič;https://www.soraredata.com/player/58954143009603981156607541282893861887413808657792550845699770591195723347565
Maxime Dupé;https://www.soraredata.com/player/110927941338853643089963430648850586041322969367901862656351478122539770687576
Jonas Urbig;https://www.soraredata.com/player/65351877820603110429280140317668257388047753627961128507591231978702459227249
Oliver Baumann;https://www.soraredata.com/player/50275684570979469463627032956215266631576255328272242838827089788943336028307
Jordan Pickford;https://www.soraredata.com/player/55800567785540330784374919410876484811400729958600876538381810009211967499025
Bernabé;https://www.soraredata.com/player/85101147883966555244394727710236692127885046577977182755379055508421948188831
Robbin Ruiter;https://www.soraredata.com/player/36105338860746615620135678235127148761358078361790454310616755058060868355703
Matvey Safonov;https://www.soraredata.com/player/76573122868919457673933162426776103539622455675259139204427480571740143845617
Jasmin Fejzić;https://www.soraredata.com/player/46046511974464505333840786834223683280649174833806653395662548451105028045138
Predrag Rajkovic;https://www.soraredata.com/player/90526432563972469657607382339346161473043889641619042158388149657184773621443
Theo Sander;https://www.soraredata.com/player/72270230678282164331988938286682858885268028640644067172482050734847035714450
Anthony Mandréa;https://www.soraredata.com/player/108857809615365447589177931139634095312992655289109507938779956721884451770382
Kosei Tani;https://www.soraredata.com/player/86319120850121575552809076611433157513191204572564020248030694506669647045437
Peter Vindahl;https://www.soraredata.com/player/47483308831801010027451021180483745977762079012576523746551426503579781507402
Régis Gurtner;https://www.soraredata.com/player/66784308228409362858946552983897353084785415360512710040743865690761503928393
Trevor Carson;https://www.soraredata.com/player/104501029009890716081869467830694238334536912598288990242492061675798115321733
Rúnar Rúnarsson;https://www.soraredata.com/player/53638174426986105161521595508034183611494746854383198696348870440867298898881
André Hansen;https://www.soraredata.com/player/15960189844518810594412343991331937859992885116316720545787675794310018069536
Tom Vandenberghe;https://www.soraredata.com/player/33162053983312870949094578703677395517797981958217772022850542056236719012605
Hwang In-Jae;https://www.soraredata.com/player/12970094158090563618700370412522014171548116024688936516895287267132016649533
Ilya Pomazun;https://www.soraredata.com/player/32690632320453384541580055442025715869658106312889653638356486826017153661843
Ryuki Miura;https://www.soraredata.com/player/96173200042835260758485535032188536663390570505882155253096033290549845649286
Phillip Menzel;https://www.soraredata.com/player/89192053751199699993118320127003966780703842122129584490991089916345049406307
Gabriel Arias;https://www.soraredata.com/player/101150660577941924683447315574254849192817428213895534297189586850939202884946
Ferhat Kaplan;https://www.soraredata.com/player/56298681829042577537699103345953983955699419788926859375247075417749117832087
Iker Álvarez De Eulate;https://www.soraredata.com/player/11729830894963509621756026578613839651862575036337294016016145923662984634062
Božidar Radošević;https://www.soraredata.com/player/75925913686271131073635880407448018972191246273957422307141174127068188428558
Sonny Stevens;https://www.soraredata.com/player/25330685557781743735333562330678197727892343199515779371833203326017819536500
Tomoya Wakahara;https://www.soraredata.com/player/56206385057012730605370642724367993255584748821790959979962047647907812059787
Stole Dimitrievski;https://www.soraredata.com/player/50139021539408022614003583254182872119574333841712912747888539481866934152508
Jakub Slowik;https://www.soraredata.com/player/90640979385190115794814374106430813008125571488164036462318275008412775391785
Zander Clark;https://www.soraredata.com/player/43487110557496110339516873968869422698656728516750366971218843767339196105005
Lawrence Ati-Zigi;https://www.soraredata.com/player/41369028906104836688836339372812390938218742846876336649196663820115367547387
Ron-Robert Zieler;https://www.soraredata.com/player/86706935271730183364668031326814181191844581901157592179196538110593591269138
Giorgi Mamardashvili;https://www.soraredata.com/player/112428801965223059817322397301268293868680118933968164489196563251367363062788
Niklas Hedl;https://www.soraredata.com/player/7157693979154036133583056037255159240580362730711827226593203991744323162299
Kevin Trapp;https://www.soraredata.com/player/46085651412389010810020415583317961875204243959009357656521840426506455151827
Baptiste Reynet;https://www.soraredata.com/player/103747936156397053416684460422309856465295443974720290978148753074318653396992
Kim Dong-Hyun;https://www.soraredata.com/player/1389263649687426005345441930933240738923000639348949658355661587356078095632
Erce Kardeşler;https://www.soraredata.com/player/39112426749517620541275414783059835292268483303629550458401911962480212127756
Ali Vural;https://www.soraredata.com/player/27542955989905743797379764765965245119429489552058193196505849989809279467769
Carlos  Coronel;https://www.soraredata.com/player/76727953305703062904112085031326472146250622584790337274629352005926704924249
Meshaal Barsham;https://www.soraredata.com/player/64949449677394338177080422148708181269473711829775596207360703614226960847955
Fernando Martínez;https://www.soraredata.com/player/61948803784701669581286800567203082313378037912243801023380335428849083573709
Mikhail Levashov;https://www.soraredata.com/player/2427767215725589357219870303901897663981171374126475342088202631672984924753
Mark Birighitti;https://www.soraredata.com/player/88809350119909555738829336443328035162635129115580919397502761331661658049081
Samuel Sahin-Radlinger;https://www.soraredata.com/player/64778899749107266435501729893422797801702159282820477906981869512675967398481
Volkan Babacan;https://www.soraredata.com/player/30956380119411109714043445056619914725964254435346121368744065319149216377340
Seny Dieng;https://www.soraredata.com/player/timothy-dieng
Bilal Bayazit;https://www.soraredata.com/player/43205492228841935107889413940143099227102018998495777868083740660445929822531
Guillaume Hubert;https://www.soraredata.com/player/21703637075769059414652078284055015649466884857011654744659013845459270700058
Ivan Lomaev;https://www.soraredata.com/player/63099130765602171092765762630582113724873228326693065086033215569802852226755
Unai Simón;https://www.soraredata.com/player/112960113470231647397856514811148610570222141675953935858273492159162218944474
Maksymilian Stryjek;https://www.soraredata.com/player/42347348151111283585783436822359837115488347826256606159156347093573521645921
Liam Kelly;https://www.soraredata.com/player/67947937499989685527490698168647035756942779703037055295545858054426596397518
Robin Himmelmann;https://www.soraredata.com/player/12699564990521058655254666608735724859196935251904177641327742405769221411623
Gavin Bazunu;https://www.soraredata.com/player/82958189322203106863013518988256208621805619426231482152221295783873827896857
Kim Young-Kwang;https://www.soraredata.com/player/3603985108263312973927670458493814214707053747018976142806551181715424200697
Keylor Navas;https://www.soraredata.com/player/114342319813789612883520627878031577721570622246740625084320100061848934564994
Daniel Iversen;https://www.soraredata.com/player/42190759896452335812793036591035815756414579151880230826082997988071728571200
JUNG SUNG RYONG;https://www.soraredata.com/player/8609771385746262758766753556181698356887367415153011680023584759843832744471
David Marshall;https://www.soraredata.com/player/48709187731548809275270455427951333429952448340202395184066362589605085100670
Oh Seung-Hoon;https://www.soraredata.com/player/114836050488239348034643763854491932501609342844454337696481386410069940344049
Artur Nigmatullin;https://www.soraredata.com/player/28463319713896303145965071089753780126122464635304951168352716596337489010003
Milan Borjan;https://www.soraredata.com/player/35231848264002392743849347524793256725349426916013483790705220697880517786628
Paul Bernardoni;https://www.soraredata.com/player/104295816291825489506136849060111476986093139015321718616883696915257656290330
Yang Hyung-Mo;https://www.soraredata.com/player/92688085380486819706745348580170123129196456103461522696542161966140313643146
Christian Früchtl;https://www.soraredata.com/player/11089751389321123889301604096558172398282375396357889017376677890986599236499
Jindřich Staněk;https://www.soraredata.com/player/jindrich-stanek
Guillaume Dietsch;https://www.soraredata.com/player/61048942311668739650902936127361670735448628674492655386082236425503871341735
Alberto Paleari;https://www.soraredata.com/player/106090603183140945089722689777035488166403879938291324771306759759288291688978
Fabian Bredlow;https://www.soraredata.com/player/49279655378580860114171889585370628271506193483354886261416963130729271537720
Alexander Nübel;https://www.soraredata.com/player/81533719980737770268952395493712356315093404478256215418468988565376486849899
William Dutoît;https://www.soraredata.com/player/20103315877353719747361496269980215704168355869521191772851246329089692524932
Martin Fraisl;https://www.soraredata.com/player/54731867981959349608498162828457942690597770823996221530864248295431785995716
Patrick Drewes;https://www.soraredata.com/player/45568616395309235954960525667095866423868646341547288232788999344489434422909
Carlos Acevedo;https://www.soraredata.com/player/56725966145964697455400932623721437286784029807300942494064012139333020794372
Tim Schreiber;https://www.soraredata.com/player/45650506019477938354236293654018288843122335202315194936166948891075719783545
GU SUNG YUN;https://www.soraredata.com/player/75680451939880124799997196417437240710966331762479642620114804413653879987998
René Swete;https://www.soraredata.com/player/30585190239809513925475572094034115973100698847077229049463594643712844269566
Illan Meslier;https://www.soraredata.com/player/44943595583697782835407394721385932811911495692496838550217203044668815057747
Shamal George;https://www.soraredata.com/player/41878590974991803609976037904430018962891072772044713000925256969390287800629
Vitali Gudiev;https://www.soraredata.com/player/93855846713322598252676143963002727052938102391299213258874812502927733592245
Anton Kochenkov;https://www.soraredata.com/player/58491340803745307962489241103440262536207924897791515883666454376463038439450
Stefan Bajic;https://www.soraredata.com/player/6013288111046229471787898763082856792774782696397186796134276699223375131114
Lennart Moser;https://www.soraredata.com/player/96608098884993673878464511293246731351405608671079994015183539855445485070242
Yuri Dyupin;https://www.soraredata.com/player/105786319471767466639334196090441504102038639526006558366471466743726621601016
Heinz Lindner;https://www.soraredata.com/player/heinz-lindner
Sebastián Sosa;https://www.soraredata.com/player/carlos-sebastian-sosa-silva
Masaaki Murakami;https://www.soraredata.com/player/29172068618600192101423493664958282982610323652581812037597556686431910471446
Michael Verrips;https://www.soraredata.com/player/59373248328408916465416612625745737332200398067823718880388910063578823613018
Wouter Biebauw;https://www.soraredata.com/player/25498283651801536944117529094293853697520464399905756104922617932896426756549
Benjamin Leroy;https://www.soraredata.com/player/35574906984860110039726381481860509483441030317190358221842578480847486674998
Silviu Lung;https://www.soraredata.com/player/113041553446038248181314443078448764977158069027337297760521176814182860201975
Oliver Christensen;https://www.soraredata.com/player/102485218481541654535393683254911333114854640422097350420748672753564023945279
Sammy Bossut;https://www.soraredata.com/player/19120159235257766695734132689385857926046193776260660386578077639440404112378
Soslan Dzhanaev;https://www.soraredata.com/player/18325378339563291262275344774496490438788899998637839199104742774272852942965
Xavier Mous;https://www.soraredata.com/player/85732937209074060855835841093973497349356886709570712985943002898829618633602
Onurcan Piri;https://www.soraredata.com/player/77568049934672406042208717027712872581478348605654377205293508130491094144626
